Index,Start Time,End Time,Start Time (sec),Text,Movie
0,0:0:19,0:0:24,19,We've become bored with watching actors give us phoney emotions.,The Truman Show
1,0:0:24,0:0:28,24,We're tired of pyrotechnics and special effects.,The Truman Show
2,0:0:28,0:0:34,28,"While the world he inhabits is, in some respects, counterfeit. ",The Truman Show
3,0:0:34,0:0:38,34, There's nothing fake about Truman himself.,The Truman Show
4,0:0:38,0:0:41,38,"No scripts, no cue cards.",The Truman Show
5,0:0:41,0:0:47,41,"It isn't always Shakespeare, but it's genuine. It's a life.",The Truman Show
6,0:0:50,0:0:55,50,I'm not gonna make it. You're gonna have to go on without me.,The Truman Show
7,0:1:0,0:1:2,60,"No way, mister.",The Truman Show
8,0:1:3,0:1:7,63,"You're going to the top of this mountain, broken legs and all.",The Truman Show
9,0:1:11,0:1:15,71,"Many viewers leave him on all night, for comfort.",The Truman Show
10,0:1:16,0:1:19,76,"You're crazy, you know that?",The Truman Show
11,0:1:22,0:1:26,82,For me there's no difference between private life and public life.,The Truman Show
12,0:1:26,0:1:32,86,My life is The Truman Show. The Truman Show is a lifestyle.,The Truman Show
13,0:1:32,0:1:38,92,It's a noble life. It is... a truly blessed life.,The Truman Show
14,0:1:39,0:1:41,99,Tell me something I don't know.,The Truman Show
15,0:1:43,0:1:45,103,"All right. Promise me one thing, though.",The Truman Show
16,0:1:47,0:1:53,107,"If I die before the summit, use me as an alternative source of food.",The Truman Show
17,0:1:53,0:1:55,113,You're gross.,The Truman Show
18,0:1:59,0:2:1,119,It's all real.,The Truman Show
19,0:2:1,0:2:6,121,Nothing you see on the show is fake. It's merely controlled.,The Truman Show
20,0:2:7,0:2:13,127,THE TRUMAN SHOW,The Truman Show
21,0:2:15,0:2:18,135,"Eat me, dammit. That's an order.",The Truman Show
22,0:2:21,0:2:23,141,Maybe just your love handles.,The Truman Show
23,0:2:23,0:2:27,143,"I have love handles? Yeah, little ones.",The Truman Show
24,0:2:27,0:2:32,147," Truman, you're gonna be late.  Okay!",The Truman Show
25,0:2:43,0:2:45,163,"DAY 10,909",The Truman Show
26,0:2:46,0:2:49,166, Good morning!  Good morning!,The Truman Show
27,0:2:49,0:2:54,169,"And in case I don't see you, good afternoon and good night.",The Truman Show
28,0:2:56,0:3:0,176," Morning, Truman.  Morning, Spencer. Hey, Pluto.",The Truman Show
29,0:3:0,0:3:4,180, He won't hurt you.  I know. It's just me.,The Truman Show
30,0:3:5,0:3:7,185,"Come on, Pluto.",The Truman Show
31,0:3:28,0:3:30,208,What is it?,The Truman Show
32,0:3:50,0:3:55,230,An aircraft began shedding parts as it flew over Sea haven ,The Truman Show
33,0:3:56,0:4:0,236," A few moments ago. Luckily, no one was hurt.",The Truman Show
34,0:4:0,0:4:3,240,How do you feel today...? That's good.,The Truman Show
35,0:4:3,0:4:6,243, Thinking of flying somewhere?  Nope.,The Truman Show
36,0:4:7,0:4:12,247,This is classical Klyne. Forget about the perils of flying ,The Truman Show
37,0:4:12,0:4:15,252, And let this music calm you down.,The Truman Show
38,0:4:18,0:4:22,258,"""Dog Fancy', please. Thank you very much.",The Truman Show
39,0:4:24,0:4:28,264,"Get me a paper, will you, Errol?",The Truman Show
40,0:4:28,0:4:32,268,And one of these for the wife. Loves her fashion mags.,The Truman Show
41,0:4:32,0:4:36,272," That be all for you, Truman?  That's the whole kit and caboodle.",The Truman Show
42,0:4:47,0:4:49,287," Hank!  Good morning, Truman.",The Truman Show
43,0:4:50,0:4:55,290,"Good morning, Truman. Beautiful day, isn't it?",The Truman Show
44,0:4:55,0:4:59,295, Hows your lovely wife?  Good. Yours?,The Truman Show
45,0:4:59,0:5:2,299,Couldn't be better.,The Truman Show
46,0:5:2,0:5:7,302, Nice talking to you.  You too. Think about that policy.,The Truman Show
47,0:5:7,0:5:11,307,Two for one. That's a good deal. Doppelganger special.,The Truman Show
48,0:5:15,0:5:19,315,"Hey, fellas. Going in? Go ahead.",The Truman Show
49,0:5:19,0:5:24,319, Go ahead.  I'm not that anxious to get there.,The Truman Show
50,0:5:38,0:5:43,338,"Could I have directory assistance for Fiji, please? Fiji Islands.",The Truman Show
51,0:5:44,0:5:47,344,"Truman, did you see this?",The Truman Show
52,0:5:48,0:5:52,348,"I'm sorry, ma'am. If he's in a coma he's probably uninsurable.",The Truman Show
53,0:5:54,0:5:58,354,"Yes, Fiji. Do you have a listing for Lauren Garland?",The Truman Show
54,0:6:0,0:6:3,360,Nothing listed...,The Truman Show
55,0:6:3,0:6:8,363,Do you have a Sylvia Garland? S for Sylvia.,The Truman Show
56,0:6:10,0:6:14,370,"Nothing... Okay, thank you.",The Truman Show
57,0:6:50,0:6:56,410, Lawrence.  I've got a prospect in Wells Park.,The Truman Show
58,0:6:58,0:7:3,418,Wells Park? On... Harbour Island?,The Truman Show
59,0:7:3,0:7:8,423, You know another one?  I can't. I have an appointment.,The Truman Show
60,0:7:9,0:7:11,429,"Dentist, or... yeah.",The Truman Show
61,0:7:11,0:7:16,431,You'll lose more than your teeth if you don't meet your quota.,The Truman Show
62,0:7:16,0:7:21,436,They're making cutbacks at the end of this month.,The Truman Show
63,0:7:21,0:7:27,441,"You need this. Besides, a half hour across the bay will do you good.",The Truman Show
64,0:7:28,0:7:30,448,Thanks.,The Truman Show
65,0:7:39,0:7:44,459,"Hello. Ferry's still here, huh? Thought I might have missed it.",The Truman Show
66,0:7:44,0:7:48,464, One way or return?  Return.,The Truman Show
67,0:7:51,0:7:54,471,"There you go, sir.",The Truman Show
68,0:8:50,0:8:55,530," Do you need any help, sir?  You go ahead, I'll be fine.",The Truman Show
69,0:9:10,0:9:12,550,"Hi, honey.",The Truman Show
70,0:9:13,0:9:18,553,"Look what I got free at the checkout. It's a ""Chef's Pal"".",The Truman Show
71,0:9:18,0:9:23,558,"It's a dicer, grater, peeler, all in one. No sharpening, dishwatersafe.",The Truman Show
72,0:9:23,0:9:27,563,Wow... that's amazing.,The Truman Show
73,0:9:28,0:9:32,568,Truman... you missed a spot.,The Truman Show
74,0:9:47,0:9:50,587,That is a beer.,The Truman Show
75,0:9:51,0:9:55,591, I'm thinking about getting out.  Yeah? Out of what?,The Truman Show
76,0:9:55,0:10:0,595,Out of my job. Out of Sea haven. Off this island. Out.,The Truman Show
77,0:10:0,0:10:6,600,What the hell's wrong with your job? You've got a great job. A desk job.,The Truman Show
78,0:10:6,0:10:9,606,I'd kill for a desk job.,The Truman Show
79,0:10:11,0:10:17,611,You should try stocking vending machines. Now there's excitement.,The Truman Show
80,0:10:17,0:10:23,617, Don't you ever get antsy?  Where's there to go?,The Truman Show
81,0:10:25,0:10:30,625, Fiji.  Where's Fiji? Near Florida?,The Truman Show
82,0:10:36,0:10:40,636,See here? This is us...,The Truman Show
83,0:10:40,0:10:45,640,And all the way around here... Fiji.,The Truman Show
84,0:10:45,0:10:50,645,You can't get any further away before you start coming back.,The Truman Show
85,0:10:50,0:10:56,650,There's still islands in Fiji where no human being has ever set foot.,The Truman Show
86,0:10:57,0:11:2,657,So when are you gonna go?,The Truman Show
87,0:11:2,0:11:5,662,It's not that simple.,The Truman Show
88,0:11:5,0:11:9,665,"It takes money, planning...",The Truman Show
89,0:11:9,0:11:14,669, You can't just up and go.  Right.,The Truman Show
90,0:11:14,0:11:18,674,"I'm gonna do it, don't worry about that.",The Truman Show
91,0:11:18,0:11:23,678,Bonus time is just around the corner.,The Truman Show
92,0:11:25,0:11:29,685," Are you coming for a drink?  No, I can't tonight.",The Truman Show
93,0:11:48,0:11:53,708,"I don't like that weather, son. We should head back.",The Truman Show
94,0:11:54,0:11:57,714,Just a bit farther. Please?,The Truman Show
95,0:11:57,0:12:0,717, Okay.  Yes!,The Truman Show
96,0:12:2,0:12:3,722,Daddy!,The Truman Show
97,0:13:17,0:13:21,797,You're soaked. Where have you been?,The Truman Show
98,0:13:21,0:13:25,801," We can scrape together 8,000...  You and Marlon...",The Truman Show
99,0:13:25,0:13:30,805, We can bum around the world.  And then what?,The Truman Show
100,0:13:30,0:13:35,810, You're talking like a teenager.  Maybe I feel like a teenager.,The Truman Show
101,0:13:35,0:13:42,815,We have mortgage payments. Do we just walk away from our obligations?,The Truman Show
102,0:13:42,0:13:47,822, It would be an adventure.  We were going to try for a baby.,The Truman Show
103,0:13:48,0:13:52,828, Isn't that enough of an adventure?  That can wait.,The Truman Show
104,0:13:52,0:13:57,832,I want to get away. See some of the world. Explore!,The Truman Show
105,0:13:57,0:14:1,837,You want to be an explorer...,The Truman Show
106,0:14:1,0:14:6,841,This will pass. We all think like this now and then.,The Truman Show
107,0:14:8,0:14:14,848,Let's get you out of these wet clothes. Come to bed.,The Truman Show
108,0:14:14,0:14:21,854,You never see anything. They always turn the camera and play music.,The Truman Show
109,0:14:21,0:14:25,861,"The wind blows, the curtain moves. You don't see anything.",The Truman Show
110,0:14:30,0:14:34,870,"""Dog Fancy', please. Thank you.",The Truman Show
111,0:14:37,0:14:40,877,"Paper, Earl, please.",The Truman Show
112,0:14:40,0:14:43,880,I might as well get one of these.,The Truman Show
113,0:14:43,0:14:47,883, For the wife?  She's got to have them.,The Truman Show
114,0:14:47,0:14:52,887," Anything else, Truman?  That's the whole ball of wax.",The Truman Show
115,0:15:13,0:15:14,913,Dad?,The Truman Show
116,0:15:17,0:15:21,917,"Hey, what are you doing?",The Truman Show
117,0:15:22,0:15:25,922,Get out of the way!,The Truman Show
118,0:15:27,0:15:32,927,Stop those people! Stop! Stop!,The Truman Show
119,0:15:32,0:15:37,932,Open the door! Somebody stop the bus! Stop the bus!,The Truman Show
120,0:15:37,0:15:42,937,Somebody stop it! Stop the bus!,The Truman Show
121,0:16:4,0:16:6,964,It doesn't sound insane at all.,The Truman Show
122,0:16:7,0:16:10,967,I see him ten times a week.,The Truman Show
123,0:16:10,0:16:14,970,I almost hugged a perfect stranger in the salon...,The Truman Show
124,0:16:15,0:16:18,975,It was Dad. Dressed like a homeless man.,The Truman Show
125,0:16:18,0:16:25,978,And a businessman and a lady with a dog forced him onto a bus.,The Truman Show
126,0:16:25,0:16:30,985,It's about time they cleaned up the trash downtown.,The Truman Show
127,0:16:31,0:16:34,991,They never found Dad's body.,The Truman Show
128,0:16:34,0:16:41,994,"If it wasn't him, it was his twin! Did Dad have a brother?",The Truman Show
129,0:16:41,0:16:46,1001,You know perfectly well that your father was an only child.,The Truman Show
130,0:16:46,0:16:49,1006,Just like you.,The Truman Show
131,0:16:51,0:16:57,1011,Sweetie... You're just feeling bad because of what happened.,The Truman Show
132,0:16:57,0:17:0,1017,You sailing off into that storm...,The Truman Show
133,0:17:3,0:17:8,1023,But I've never blamed you. And I don't blame you now.,The Truman Show
134,0:17:55,0:17:57,1075,Truman...?,The Truman Show
135,0:18:0,0:18:4,1080,What are you doing down here?,The Truman Show
136,0:18:4,0:18:7,1084,Fixing the mower.,The Truman Show
137,0:18:10,0:18:15,1090, I saw my father today.  I know.,The Truman Show
138,0:18:15,0:18:18,1095,Your mother called.,The Truman Show
139,0:18:18,0:18:21,1098,You shouldn't upset her like that.,The Truman Show
140,0:18:21,0:18:26,1101, What did you want?  I made macaroni.,The Truman Show
141,0:18:26,0:18:30,1106, I'm not hungry.  You know...,The Truman Show
142,0:18:30,0:18:33,1110,We ought to throw out that mower.,The Truman Show
143,0:18:34,0:18:38,1114,Get one of those new Elk Rotaries.,The Truman Show
144,0:19:13,0:19:15,1153,What's he doing?,The Truman Show
145,0:19:15,0:19:19,1155,"They got rid of her, but they couldn't erase the memory.",The Truman Show
146,0:19:20,0:19:23,1160,"10,910 NUMBER OF DAYS RUNNING",The Truman Show
147,0:20:12,0:20:17,1212, Are you okay?  Excuse me. Sorry I fell on you.,The Truman Show
148,0:20:18,0:20:23,1218,I've been such a klutz all day. I must have sprained this ankle.,The Truman Show
149,0:20:23,0:20:28,1223, I'm so sorry to fall on you.  Don't worry about it.,The Truman Show
150,0:20:29,0:20:33,1229," I'm Meryl.  Hi, I'm Truman.",The Truman Show
151,0:21:59,0:22:3,1319," Truman, you've studied enough.  I've got to commit this to memory.",The Truman Show
152,0:22:3,0:22:7,1323,"Come on, an icecold brew sky.",The Truman Show
153,0:22:7,0:22:11,1327,"You're gonna have to copy off me, so be careful.",The Truman Show
154,0:22:11,0:22:15,1331,You're a better person than I am.,The Truman Show
155,0:22:15,0:22:18,1335, See you later.  Bye.,The Truman Show
156,0:22:18,0:22:21,1338,"See you later, loser.",The Truman Show
157,0:23:21,0:23:22,1401,Hi.,The Truman Show
158,0:23:26,0:23:29,1406, Konnichiwa.  What?,The Truman Show
159,0:23:30,0:23:34,1410," You take Japanese.  Oh, yes...",The Truman Show
160,0:23:37,0:23:40,1417,"Lauren, right?",The Truman Show
161,0:23:40,0:23:44,1420," It's on the...  Lauren, right.",The Truman Show
162,0:23:44,0:23:50,1424," I'm Truman Burbank.  Yeah, I know.",The Truman Show
163,0:23:50,0:23:55,1430, I'm not allowed to talk to you.  Really?,The Truman Show
164,0:23:57,0:24:3,1437, I'm a pretty dangerous character.  I'm sorry. It's not up to me.,The Truman Show
165,0:24:4,0:24:9,1444,Girls have got to be careful.,The Truman Show
166,0:24:9,0:24:12,1449," You have a boyfriend, right?  It's not that.",The Truman Show
167,0:24:13,0:24:18,1453,"Was it Meryl, the girl I was with? We're not... We're just friends.",The Truman Show
168,0:24:18,0:24:22,1458, It's nothing like that.  It's how I look? Not your type?,The Truman Show
169,0:24:24,0:24:25,1464,No.,The Truman Show
170,0:24:27,0:24:29,1467,HOW'S IT GOING TO END?,The Truman Show
171,0:24:29,0:24:32,1469,I was wondering that myself.,The Truman Show
172,0:24:33,0:24:39,1473,"Would you maybe, possibly sometime go out for some pizza?",The Truman Show
173,0:24:39,0:24:43,1479," Like, Friday? Saturday?  I can't.",The Truman Show
174,0:24:43,0:24:46,1483,"Sunday, Monday, Tuesday?",The Truman Show
175,0:24:46,0:24:47,1486,NOW,The Truman Show
176,0:24:50,0:24:54,1490," We have finals tomorrow.  Yeah, I know.",The Truman Show
177,0:24:54,0:24:59,1494,"If we don't go now, it won't happen. Do you understand?",The Truman Show
178,0:24:59,0:25:3,1499,So what do you want to do?,The Truman Show
179,0:25:35,0:25:38,1535,Please keep your hands inside the car!,The Truman Show
180,0:25:55,0:26:1,1555,"This is my favorite pizza place. Tony, one large, extra plankton!",The Truman Show
181,0:26:1,0:26:6,1561,We have so little time. They'll be here any minute.,The Truman Show
182,0:26:6,0:26:11,1566, They don't want me talking to you.  Then don't talk.,The Truman Show
183,0:26:24,0:26:27,1584,They're here.,The Truman Show
184,0:26:27,0:26:31,1587, What do they want?  Listen to me.,The Truman Show
185,0:26:31,0:26:37,1591,Everybody knows everything you do. They're pretending. Understand?,The Truman Show
186,0:26:37,0:26:43,1597," My name's not Lauren, it's Sylvia.  Lauren, sweetheart, not again.",The Truman Show
187,0:26:43,0:26:46,1603, Who are you?  Her father.,The Truman Show
188,0:26:46,0:26:50,1606,"I've never seen him before. Truman, don't listen to him.",The Truman Show
189,0:26:51,0:26:54,1611,Everything I've told you is the truth.,The Truman Show
190,0:26:54,0:27:0,1614,It's fake. It's all for you. The sky and the sea. Everything is a set!,The Truman Show
191,0:27:0,0:27:5,1620,"Please, don't listen to him. He's gonna lie to you.",The Truman Show
192,0:27:5,0:27:10,1625, I want to know what's going on.  Schizophrenia. We've tried it all.,The Truman Show
193,0:27:10,0:27:16,1630,"Hypnotism, shock therapy... Don't worry, you're not the first.",The Truman Show
194,0:27:16,0:27:21,1636," She brings all her boys down here.  Truman, he's lying!",The Truman Show
195,0:27:21,0:27:24,1641,Get out of here. Come and find me.,The Truman Show
196,0:27:24,0:27:29,1644, I'll see you in school.  We're moving to Fiji.,The Truman Show
197,0:27:40,0:27:43,1660,Sylvia! Hey!,The Truman Show
198,0:27:52,0:27:58,1672, Why didn't he just follow her?  His mother got really sick.,The Truman Show
199,0:27:58,0:28:2,1678,He couldn't leave her. He's kind. Maybe he's too kind.,The Truman Show
200,0:28:2,0:28:6,1682,I can't believe he married Meryl on the rebound.,The Truman Show
201,0:28:7,0:28:12,1687,"Come on, Sal. We've already got this on the greatest hits tape.",The Truman Show
202,0:28:24,0:28:28,1704,HOW'S IT GOING TO END?,The Truman Show
203,0:28:59,0:29:3,1739,"Close, but no cigar.",The Truman Show
204,0:29:30,0:29:35,1770,Another beautiful day in paradise. But don't forget to buckle up.,The Truman Show
205,0:29:58,0:30:4,1798,"He's heading west on Stuart. Stand by, all extras.",The Truman Show
206,0:30:5,0:30:8,1805,He's turning onto Lancaster Square.,The Truman Show
207,0:30:12,0:30:16,1812,"My God, he nearly hither! Something is wrong. Change frequencies.",The Truman Show
208,0:30:20,0:30:27,1820,"Sorry about that, folks. I guess we picked up a police frequency.",The Truman Show
209,0:30:27,0:30:33,1827,"It's classical Klyne, and we've still got some great music ahead.",The Truman Show
210,0:30:33,0:30:39,1833,But buckle up. Remember safety. A good driver is a safe driver.,The Truman Show
211,0:30:41,0:30:44,1841,"CRACKDOWN ON HOMELESS City Fathers: ""Enough is Enough""",The Truman Show
212,0:33:43,0:33:47,2023, Can I help?  I have an appointment.,The Truman Show
213,0:33:53,0:33:56,2033, What's happening?  Nothing.,The Truman Show
214,0:33:56,0:34:0,2036, Just tell me what's happening.  We're remodeling.,The Truman Show
215,0:34:1,0:34:4,2041," It's none of your business.  Tell me, or I'll report you!",The Truman Show
216,0:34:5,0:34:7,2045,You're trespassing.,The Truman Show
217,0:34:38,0:34:42,2078," Marlon!  Truman, what are you doing here?",The Truman Show
218,0:34:42,0:34:47,2082,I've got to talk to you. I'm on to something big!,The Truman Show
219,0:34:48,0:34:51,2088, You look like shit.  I think I'm mixed up in something.,The Truman Show
220,0:34:52,0:34:56,2092,A lot of strange things have been happening.,The Truman Show
221,0:35:0,0:35:5,2100,"The people on the elevator, there was no backing on it...",The Truman Show
222,0:35:5,0:35:11,2105,"And the radio starts following me, talking about everything I'm doing.",The Truman Show
223,0:35:11,0:35:16,2111, This is one of your fantasies.  I think this is about my dad.,The Truman Show
224,0:35:16,0:35:22,2116,I think he's alive. I'll tell you about it later. I'm being followed.,The Truman Show
225,0:35:22,0:35:23,2122,Who?,The Truman Show
226,0:35:25,0:35:29,2125,It's hard to tell. They look like regular people.,The Truman Show
227,0:35:33,0:35:37,2133, How about those two?  Could be.,The Truman Show
228,0:35:37,0:35:42,2137,It's when I'm unpredictable. That's when they can't...,The Truman Show
229,0:35:42,0:35:46,2142,Anything happen...? We have to get out of here.,The Truman Show
230,0:35:47,0:35:50,2147, You ready to go?  I can't.,The Truman Show
231,0:35:55,0:36:0,2155," You're gonna get us both fired.  Okay then, let's do it.",The Truman Show
232,0:36:0,0:36:7,2160,"Whatever you say, I'm game. Your birthday comes but once a year!",The Truman Show
233,0:36:10,0:36:13,2170,Maybe I'm being set up for something.,The Truman Show
234,0:36:13,0:36:18,2173,You ever think that your whole life has been building toward something?,The Truman Show
235,0:36:18,0:36:19,2178,No.,The Truman Show
236,0:36:22,0:36:27,2182,"When you were hauling chickens, how far did you get off the island?",The Truman Show
237,0:36:27,0:36:32,2187,"I went all over. Never found a place like this, though.",The Truman Show
238,0:36:32,0:36:36,2192,Look at that sunset. It's perfect.,The Truman Show
239,0:36:36,0:36:42,2196,That's the big guy. Quite a paintbrush he's got.,The Truman Show
240,0:36:47,0:36:51,2207,"Just between you and me, Marlon...",The Truman Show
241,0:36:51,0:36:56,2211, I'm going away for a while.  Really?,The Truman Show
242,0:37:7,0:37:12,2227,My little clown... Old carrottop.,The Truman Show
243,0:37:14,0:37:17,2234,The best photos...,The Truman Show
244,0:37:18,0:37:22,2238, We should be getting you home.  Here's us at Mt. Rushmore.,The Truman Show
245,0:37:23,0:37:29,2243,"Do you remember, Truman? You slept the whole way there.",The Truman Show
246,0:37:29,0:37:34,2249," It looks so small.  Things do, when you look back.",The Truman Show
247,0:37:34,0:37:39,2254,"Look, Truman. The happiest day of our lives.",The Truman Show
248,0:37:39,0:37:44,2259," Look! Jean, Jodie, Joanne...  Doesn't she look beautiful?",The Truman Show
249,0:37:44,0:37:48,2264,"Well, she still does.",The Truman Show
250,0:37:48,0:37:55,2268,There's room for baby photos. I want to hold a grandchild before I go.,The Truman Show
251,0:37:55,0:37:59,2275,"We really should get you home. No, you stay. Relax.",The Truman Show
252,0:37:59,0:38:5,2279, Your favorite show is coming on.  And we have something to discuss.,The Truman Show
253,0:38:5,0:38:10,2285," A certain person's birthday.  Oh, I see.",The Truman Show
254,0:38:10,0:38:17,2290,"There'll be another ""Lucy"" tomorrow. Now it's time for Golden Oldies.",The Truman Show
255,0:38:17,0:38:22,2297,"Tonight we present the classic: ""Show Me the Way to Go Home"".",The Truman Show
256,0:38:22,0:38:28,2302,You don't have to leave home to discover what the world is about.,The Truman Show
257,0:38:28,0:38:32,2308,We learn that no one is poor who has friends.,The Truman Show
258,0:38:32,0:38:39,2312,"Full of laughter, love, pain, sadness, but ultimately, redemption.",The Truman Show
259,0:38:39,0:38:47,2319,The cherry scene will have you split ting your sides with laughter.,The Truman Show
260,0:38:47,0:38:52,2327,"There'll be tears, too, when David and Jennifer are reunited.",The Truman Show
261,0:38:52,0:38:56,2332,Let's join the Abbots in Camden Village.,The Truman Show
262,0:39:23,0:39:26,2363,"Thank you, Sweetie.",The Truman Show
263,0:39:29,0:39:33,2369,"I need to talk to you, but let's go outside.",The Truman Show
264,0:39:33,0:39:38,2373," I'd love to, but I'm really late.  What's your rush?",The Truman Show
265,0:39:38,0:39:43,2378,There was that elevator disaster. It was on the news.,The Truman Show
266,0:39:43,0:39:49,2383,The cable just snapped. The elevator plummeted ten flights.,The Truman Show
267,0:39:49,0:39:54,2389,Right next door to where you work. What if you had been in there?,The Truman Show
268,0:39:55,0:40:0,2395,"Anyway, I have an amputation on one of the women from the elevator.",The Truman Show
269,0:40:0,0:40:4,2400,She's very young. It's sad. Wish me luck.,The Truman Show
270,0:40:5,0:40:9,2405,I'll cross my fingers for you.,The Truman Show
271,0:40:49,0:40:53,2449,Excuse me. May I help you?,The Truman Show
272,0:40:53,0:40:57,2453,"I'm looking for my wife, Nurse Burbank. It's very important.",The Truman Show
273,0:40:58,0:41:1,2458,That's not possible. She's in preop.,The Truman Show
274,0:41:1,0:41:7,2461,"Sure... Okay, fine. Can you pass along a message?",The Truman Show
275,0:41:7,0:41:11,2467,I had to go to Fiji. I'll call when I get there.,The Truman Show
276,0:41:11,0:41:15,2471, When you get to Fiji?  You got it.,The Truman Show
277,0:41:15,0:41:18,2475, Fine. I'll tell her.  Thank you so much.,The Truman Show
278,0:41:45,0:41:46,2505,Sorry.,The Truman Show
279,0:41:48,0:41:51,2508,Let me help you with that.,The Truman Show
280,0:41:55,0:41:57,2515,He's here.,The Truman Show
281,0:42:1,0:42:2,2521,Scalpel.,The Truman Show
282,0:42:9,0:42:13,2529,I'm now making my primary incision. ,The Truman Show
283,0:42:13,0:42:17,2533, Just above the right knee.,The Truman Show
284,0:42:21,0:42:25,2541, Nicely done.  Unless you're family...,The Truman Show
285,0:42:25,0:42:32,2545, It's just a beautiful job.  I'll let someone else tidy up.,The Truman Show
286,0:42:35,0:42:37,2555,TRAVELLERS BEWARE,The Truman Show
287,0:42:48,0:42:52,2568,IT COULD HAPPEN TO YOU!,The Truman Show
288,0:42:58,0:43:2,2578, I'm sorry to keep you.  That's okay.,The Truman Show
289,0:43:3,0:43:8,2583, How can I help?  I'd like a flight to Fiji.,The Truman Show
290,0:43:8,0:43:12,2588, When would you like to leave?  Today.,The Truman Show
291,0:43:30,0:43:35,2610,I'm sorry. I don't have anything for at least a month.,The Truman Show
292,0:43:35,0:43:39,2615,It's the busy season.,The Truman Show
293,0:43:39,0:43:42,2619,Do you want to book the flight?,The Truman Show
294,0:43:42,0:43:46,2622,I'll make other arrangements.,The Truman Show
295,0:43:49,0:43:54,2629,Last call for Chicago! All aboard!,The Truman Show
296,0:44:0,0:44:2,2640,Thank you.,The Truman Show
297,0:44:4,0:44:8,2644,"Windy City, here we come.",The Truman Show
298,0:44:8,0:44:9,2648,Hi!,The Truman Show
299,0:44:13,0:44:14,2653,Hello...,The Truman Show
300,0:44:17,0:44:22,2657," Mom, isn't that you know you?  Face the front.",The Truman Show
301,0:44:49,0:44:52,2689,"Everybody off, we've got a problem.",The Truman Show
302,0:45:11,0:45:14,2711,"I'm sorry, son.",The Truman Show
303,0:45:26,0:45:33,2726, Wasn't his father from Chicago?  His father was from Des Moines.,The Truman Show
304,0:45:33,0:45:39,2733, Why does he want to go to Chicago?  He's not going anywhere.,The Truman Show
305,0:45:56,0:45:58,2756,Truman?,The Truman Show
306,0:46:2,0:46:6,2762," Honey, are you okay?  Get in.",The Truman Show
307,0:46:10,0:46:13,2770, Truman...  Look.,The Truman Show
308,0:46:19,0:46:26,2779,"I predict that, in just a moment, we'll see a lady on a red bike ",The Truman Show
309,0:46:26,0:46:31,2786, Followed by a man with flowers and a Volkswagen with a dented fender.,The Truman Show
310,0:46:32,0:46:35,2792," Truman, please...  Look!",The Truman Show
311,0:46:40,0:46:41,2800,Lady...,The Truman Show
312,0:46:42,0:46:44,2802,Flowers...,The Truman Show
313,0:46:45,0:46:47,2805, And...?  And...,The Truman Show
314,0:46:49,0:46:55,2809," Truman, this is silly.  There's the dented Beetle! Yes!",The Truman Show
315,0:47:2,0:47:6,2822,You know how I did that? They're on a loop.,The Truman Show
316,0:47:7,0:47:12,2827,"They go around the block, they come back, they go around again.",The Truman Show
317,0:47:12,0:47:17,2832, I invited Marlon to barbecue...  I won't be here.,The Truman Show
318,0:47:17,0:47:20,2837,We need more charcoal.,The Truman Show
319,0:47:20,0:47:24,2840,Are you listening to a word I'm saying?,The Truman Show
320,0:47:25,0:47:28,2845,You're upset because you want to go to Fiji?,The Truman Show
321,0:47:30,0:47:31,2850,"Okay, go.",The Truman Show
322,0:47:34,0:47:39,2854,"I think you should save for a few months, and then go.",The Truman Show
323,0:47:39,0:47:42,2859,I'm going to take a shower.,The Truman Show
324,0:47:46,0:47:49,2866,Let's go now. I'm ready. Why wait?,The Truman Show
325,0:47:49,0:47:54,2869,"Early bird gathers no moss, rolling stone catches the worm.",The Truman Show
326,0:47:54,0:47:58,2874,"Truman, what are you doing?",The Truman Show
327,0:48:1,0:48:7,2881, Truman...  Where shall we go?,The Truman Show
328,0:48:8,0:48:13,2888," Truman, where are we going?  I guess I'm being spontaneous.",The Truman Show
329,0:48:13,0:48:17,2893,Somebody help me! I'm being spontaneous!,The Truman Show
330,0:48:18,0:48:23,2898,"Forget Fiji. We can't drive to Fiji, can we?",The Truman Show
331,0:48:24,0:48:28,2904," What about Atlantic City.  No, you hate to gamble.",The Truman Show
332,0:48:29,0:48:33,2909,"That's right, I do. But I never have.",The Truman Show
333,0:48:33,0:48:36,2913,And that's why people go places.,The Truman Show
334,0:48:36,0:48:40,2916," I think I'm going to throw up.  Me, too.",The Truman Show
335,0:48:49,0:48:54,2929,"Blocked at every turn. Beautifully synchronized, don't you think?",The Truman Show
336,0:48:54,0:48:58,2934, You're blaming me for the traffic?  Should I?,The Truman Show
337,0:49:4,0:49:8,2944,"Truman, let's go home.",The Truman Show
338,0:49:8,0:49:12,2948,You're right. We could be stuck here for hours.,The Truman Show
339,0:49:12,0:49:17,2952,It'll be like this all the way to Atlantic City. Let's go back.,The Truman Show
340,0:49:17,0:49:21,2957,I'm sorry. I don't know what got into me.,The Truman Show
341,0:49:23,0:49:28,2963," Can you please slow down?  Yes, I can.",The Truman Show
342,0:49:30,0:49:33,2970, That's our turnoff.  I changed my mind.,The Truman Show
343,0:49:33,0:49:37,2973,What's New Orleans like this time of year? Mardis Gras!,The Truman Show
344,0:49:43,0:49:49,2983,"Look, Meryl. Same road, no cars. It's magic.",The Truman Show
345,0:49:49,0:49:54,2989,"Let me out. If you want to destroy yourself, do it on your own.",The Truman Show
346,0:49:54,0:49:58,2994,I think I'd like a little company.,The Truman Show
347,0:50:3,0:50:8,3003,"Oh, Truman... You knew this would happen.",The Truman Show
348,0:50:8,0:50:11,3008,You know you can't drive over water.,The Truman Show
349,0:50:11,0:50:16,3011,"Let's go home, where you'll feel safe.",The Truman Show
350,0:50:17,0:50:20,3017,Give me your hand... You drive!,The Truman Show
351,0:50:21,0:50:26,3021,We shouldn't be doing this. We're breaking the law!,The Truman Show
352,0:50:26,0:50:31,3026," Oh, my!  You can do it! You can make it!",The Truman Show
353,0:50:32,0:50:36,3032,We're over! We're over the bridge!,The Truman Show
354,0:50:37,0:50:40,3037, We're over the bridge!  We're over!,The Truman Show
355,0:50:44,0:50:46,3044,FOREST FIRE WARNING EXTREME DANGER,The Truman Show
356,0:50:46,0:50:50,3046, What about that sign?  They exaggerate. We'll be fine.,The Truman Show
357,0:50:52,0:50:55,3052,Do you believe that?,The Truman Show
358,0:50:57,0:51:0,3057,"Truman, we're on fire!",The Truman Show
359,0:51:0,0:51:4,3060, It's just smoke. You okay?  Yes.,The Truman Show
360,0:51:4,0:51:7,3064, Wanna do it again?  No!,The Truman Show
361,0:51:8,0:51:10,3068,"Truman, stop!",The Truman Show
362,0:51:13,0:51:16,3073,What do we do for money when we get to New Orleans?,The Truman Show
363,0:51:17,0:51:20,3077,I have my Sea haven bank card.,The Truman Show
364,0:51:21,0:51:25,3081,"So we're just going to eat into our savings, is that it?",The Truman Show
365,0:51:25,0:51:30,3085,I'll have to call your mother. I don't know how she'll take this.,The Truman Show
366,0:51:43,0:51:45,3103,What now?,The Truman Show
367,0:51:45,0:51:48,3105,SEAHAVEN NUCLEAR POWER STATION,The Truman Show
368,0:51:51,0:51:54,3111, Looks like a leak at the plant.  Back up.,The Truman Show
369,0:51:55,0:52:1,3115,Leak at the plant. The whole area is being evacuated.,The Truman Show
370,0:52:2,0:52:6,3122," Thank you for your help.  You're welcome, Truman.",The Truman Show
371,0:52:6,0:52:8,3126,Truman...,The Truman Show
372,0:52:10,0:52:14,3130,"Truman, come back!",The Truman Show
373,0:52:17,0:52:18,3137,Stop him!,The Truman Show
374,0:52:19,0:52:21,3139,Truman!,The Truman Show
375,0:52:40,0:52:42,3160,Stay away!,The Truman Show
376,0:52:57,0:53:3,3177, Thank you both for your help.  Next time he'll be charged.,The Truman Show
377,0:53:3,0:53:8,3183,I understand. Thanks again. Good night.,The Truman Show
378,0:53:26,0:53:31,3206,"Let me get you some help, Truman. You're not well.",The Truman Show
379,0:53:33,0:53:38,3213,Why do you want to have a baby with me? You can't stand me.,The Truman Show
380,0:53:39,0:53:42,3219,That's not true.,The Truman Show
381,0:53:45,0:53:51,3225,I'll fix you some Mococoa. Natural cocoa beans from Mt. Nicaragua.,The Truman Show
382,0:53:51,0:53:58,3231, No artificial sweeteners.  What are you talking about?,The Truman Show
383,0:53:58,0:54:1,3238,I've tasted other cocoas. This is the best.,The Truman Show
384,0:54:2,0:54:6,3242,What the hell does this have to do with anything?,The Truman Show
385,0:54:6,0:54:11,3246, Tell me what's happening!  You're having a nervous breakdown.,The Truman Show
386,0:54:11,0:54:14,3251,"You're part of this, aren't you?",The Truman Show
387,0:54:16,0:54:21,3256,"Truman, you are scaring me.",The Truman Show
388,0:54:21,0:54:25,3261,"No, you're scaring me. What are you gonna do?",The Truman Show
389,0:54:25,0:54:30,3265,"Dice me, slice me or peel me? There's so many choices.",The Truman Show
390,0:54:31,0:54:34,3271,Do something!,The Truman Show
391,0:54:35,0:54:38,3275,What? What did you say?,The Truman Show
392,0:54:39,0:54:42,3279, Who are you talking to?  I didn't say anything.,The Truman Show
393,0:54:43,0:54:48,3283, I wasn't talking to anybody.  Talk to me!,The Truman Show
394,0:54:48,0:54:53,3288, I don't know anything!  Stay where you are.,The Truman Show
395,0:54:53,0:54:55,3293,Truman...?,The Truman Show
396,0:54:58,0:55:0,3298,Thank God!,The Truman Show
397,0:55:5,0:55:10,3305,How can anyone expect me to carry on under these conditions?,The Truman Show
398,0:55:10,0:55:13,3310,It's unprofessional!,The Truman Show
399,0:55:17,0:55:21,3317,Everything's gonna be okay. It's all gonna be fine.,The Truman Show
400,0:55:25,0:55:29,3325,"I don't know what to think, Marlon.",The Truman Show
401,0:55:31,0:55:35,3331,Maybe I'm losing my mind.,The Truman Show
402,0:55:37,0:55:42,3337,It feels like the whole world revolves around me.,The Truman Show
403,0:55:42,0:55:47,3342,That's a lot of world for one man.,The Truman Show
404,0:55:48,0:55:54,3348,Is it wishful thinking? Wishing you'd made more out of yourself?,The Truman Show
405,0:55:54,0:56:1,3354,Who hasn't sat in the john and had an imaginary interview on TV?,The Truman Show
406,0:56:1,0:56:7,3361,This is different. Everybody seems to be in on it.,The Truman Show
407,0:56:9,0:56:13,3369,I've been your best friend since we were seven.,The Truman Show
408,0:56:13,0:56:18,3373,We got through school by cheating off each others test papers.,The Truman Show
409,0:56:18,0:56:22,3378,"Jesus, they were identical.",The Truman Show
410,0:56:23,0:56:26,3383,But I always felt safe knowing that.,The Truman Show
411,0:56:26,0:56:31,3386,"Because whatever the answer was, we were right or wrong together.",The Truman Show
412,0:56:33,0:56:39,3393,I stayed up all night in your tent so you could play North Pole.,The Truman Show
413,0:56:39,0:56:42,3399,And I got pneumonia.,The Truman Show
414,0:56:42,0:56:44,3402,Remember that?,The Truman Show
415,0:56:45,0:56:47,3405,You were out of school for a month.,The Truman Show
416,0:56:53,0:56:59,3413,"You're the closest thing I ever had to a brother, Truman.",The Truman Show
417,0:57:3,0:57:9,3423,Things haven't worked out for us like we used to dream they would.,The Truman Show
418,0:57:11,0:57:16,3431,I know what that feeling's like. Everything slipping away...,The Truman Show
419,0:57:16,0:57:20,3436,"You don't want to believe it, so you look for answers somewhere else.",The Truman Show
420,0:57:27,0:57:33,3447,"But the point is, I'd gladly walk in front of traffic for you.",The Truman Show
421,0:57:38,0:57:43,3458,"But the point's, I'd gladly step in front of traffic for you.",The Truman Show
422,0:57:44,0:57:47,3464,And the last thing I'd ever do is lie to you.,The Truman Show
423,0:57:49,0:57:56,3469,And the last thing that I would ever do... is lie to you.,The Truman Show
424,0:57:59,0:58:2,3479,"I mean, think about it.",The Truman Show
425,0:58:3,0:58:8,3483,"If everybody is in on it... I'd have to be in on it, too.",The Truman Show
426,0:58:17,0:58:22,3497,"I'm not in on it, Truman, because there is no ""it"".",The Truman Show
427,0:58:26,0:58:30,3506, You were right about one thing.  What's that?,The Truman Show
428,0:58:33,0:58:36,3513,The thing that started all this.,The Truman Show
429,0:58:50,0:58:55,3530,"I found him for you, Truman. That's why I came by tonight.",The Truman Show
430,0:58:56,0:59:0,3536,I'm sure he's got quite a story to tell.,The Truman Show
431,0:59:2,0:59:4,3542,Go to him.,The Truman Show
432,0:59:10,0:59:13,3550,Easy on the fog.,The Truman Show
433,0:59:14,0:59:18,3554,"Stand by, cranecam... Cranecam.",The Truman Show
434,0:59:26,0:59:28,3566,Buttoncam three.,The Truman Show
435,0:59:40,0:59:43,3580,I never stopped believing.,The Truman Show
436,0:59:45,0:59:48,3585,Go wide. Curbcam eight.,The Truman Show
437,0:59:49,0:59:50,3589,My son.,The Truman Show
438,0:59:51,0:59:55,3591," Move in for closeup?  No, no...",The Truman Show
439,0:59:56,0:59:59,3596,Stay back. Fade up music.,The Truman Show
440,1:0:6,1:0:9,3606,Now go for the closeup.,The Truman Show
441,1:0:9,1:0:14,3609,"All those years wasted. I'll make it up to you, son.",The Truman Show
442,1:0:15,1:0:16,3615,I swear.,The Truman Show
443,1:0:22,1:0:24,3622,Dad...,The Truman Show
444,1:0:36,1:0:37,3636,Bravo!,The Truman Show
445,1:0:38,1:0:41,3638,Congratulations.,The Truman Show
446,1:0:41,1:0:46,3641," Okay, quiet down. Concentrate.  That was great television.",The Truman Show
447,1:0:52,1:0:56,3652," Christ of, it was brilliant!  It broke my heart.",The Truman Show
448,1:0:59,1:1:1,3659,Well done! Congratulations!,The Truman Show
449,1:1:10,1:1:13,3670,"Truman drinks Mococoa, world's finest cocoa beans ",The Truman Show
450,1:1:13,1:1:16,3673, Grown on the upper slopes of Mt. Nicaragua.,The Truman Show
451,1:1:20,1:1:24,3680,1. 7 billion were there for his birth.,The Truman Show
452,1:1:27,1:1:30,3687,220 countries tuned in for his first step.,The Truman Show
453,1:1:30,1:1:34,3690,The world stood still for that stolen kiss.,The Truman Show
454,1:1:34,1:1:39,3694,"And as he grew, so did the technology. A human life. ",The Truman Show
455,1:1:39,1:1:44,3699, Recorded on a network of hidden cameras and broadcast live ,The Truman Show
456,1:1:44,1:1:49,3704," 24 hours a day, seven days a week, to an audience around the globe.",The Truman Show
457,1:1:50,1:1:56,3710,"From Sea haven, enclosed in the largest studio ever constructed. ",The Truman Show
458,1:1:56,1:2:2,3716, One of only two manmade structures visible from space. ,The Truman Show
459,1:2:2,1:2:8,3722," Now in its 30th great year, it's The Truman Show!",The Truman Show
460,1:2:12,1:2:16,3732,What a week! I was on pins and needles the entire time.,The Truman Show
461,1:2:16,1:2:19,3736,"I'm your host, Mike Michelson.",The Truman Show
462,1:2:19,1:2:23,3739,"Welcome to TrueTalk, our forum for issues growing out of the show.",The Truman Show
463,1:2:23,1:2:26,3743,"Tonight, something very special:",The Truman Show
464,1:2:27,1:2:31,3747,An exclusive interview with the show's creator.,The Truman Show
465,1:2:31,1:2:38,3751,Let's go live to the 221stfloor of the OmniCam Ecosphere.,The Truman Show
466,1:2:38,1:2:42,3758,There we'll find the world's greatest televisionary.,The Truman Show
467,1:2:42,1:2:47,3762,The designer of the world within a world that's Sea haven: Christ of.,The Truman Show
468,1:2:47,1:2:52,3767,I'd like to thank you for granting this interview.,The Truman Show
469,1:2:53,1:2:58,3773,"We know your schedule is demanding, and how you guard your privacy.",The Truman Show
470,1:2:58,1:3:2,3778," This, sir, is indeed an honor.  Don't mention it.",The Truman Show
471,1:3:3,1:3:6,3783,The catalyst for the recent dramatic events ,The Truman Show
472,1:3:6,1:3:11,3786," Has been Truman's father, Kirk, and his attempt at in filtration.",The Truman Show
473,1:3:11,1:3:16,3791,"This is not the first time someone has tried to reach Truman, is it?",The Truman Show
474,1:3:17,1:3:20,3797,We have had our close calls.,The Truman Show
475,1:3:20,1:3:27,3800,It's television! I did it! I'm on The Truman Show!,The Truman Show
476,1:3:27,1:3:35,3807,"But now, the first intruder to be a former cast member.",The Truman Show
477,1:3:35,1:3:40,3815," A dead one at that.  Writing Kirk back in, brilliant.",The Truman Show
478,1:3:40,1:3:46,3820,Kirk started this whole crisis. He was the only one who could end it.,The Truman Show
479,1:3:46,1:3:48,3826,"Truman, no!",The Truman Show
480,1:3:49,1:3:52,3829, That's off limits!  Why? What's over there?,The Truman Show
481,1:3:53,1:3:57,3833,"Nothing. It's dangerous, that's all. You have to know your limitations.",The Truman Show
482,1:3:57,1:4:2,3837,Let's remind viewers why Dad was written outin' the first place.,The Truman Show
483,1:4:2,1:4:7,3842,"As Truman grew up, we manufactured ways to keep him on the island.",The Truman Show
484,1:4:7,1:4:14,3847, I'd like to be a great explorer.  There's nothing left to explore.,The Truman Show
485,1:4:18,1:4:24,3858, Then I thought up Kirk's drowning.  He's feared the water ever since.,The Truman Show
486,1:4:24,1:4:31,3864,"When Kirk read the synopsis, he was disappointed, to say the least.",The Truman Show
487,1:4:31,1:4:35,3871,I'm sure that's why he broke onto the set.,The Truman Show
488,1:4:35,1:4:39,3875,But how do you intend to explain his 22year absence?,The Truman Show
489,1:4:40,1:4:42,3880, Amnesia.  Brilliant.,The Truman Show
490,1:4:42,1:4:49,3882,"Let's take some viewer calls. North Carolina, you're on with Christ of.",The Truman Show
491,1:4:49,1:4:54,3889,"Hi, Christ of. I was wondering how many cameras you got in that town.",The Truman Show
492,1:4:54,1:4:59,3894,"Somewhere in the vicinity of5,000.",The Truman Show
493,1:4:59,1:5:3,3899,"Remember, we started with just one.",The Truman Show
494,1:5:3,1:5:10,3903,"He was two weeks premature, as if he couldn't wait to get started.",The Truman Show
495,1:5:10,1:5:15,3910,And his eagerness to leave the womb was the reason he was selected.,The Truman Show
496,1:5:15,1:5:19,3915,In competition with five other unwanted pregnancies ,The Truman Show
497,1:5:19,1:5:25,3919," For a show determined by an air date, only Truman arrived on cue.",The Truman Show
498,1:5:28,1:5:33,3928,I believe Truman is the first child to be adopted by a corporation.,The Truman Show
499,1:5:33,1:5:37,3933, That's correct.  The show's made enormous revenue.,The Truman Show
500,1:5:37,1:5:40,3937,Equivalent to the GNP of a small country.,The Truman Show
501,1:5:40,1:5:45,3940,It takes the population of an entire country to keep it running.,The Truman Show
502,1:5:45,1:5:52,3945,"Since it's on 24 hours, revenues are generated by product placement.",The Truman Show
503,1:5:52,1:5:57,3952,"Everything on the show is for sale, down to the very homes they live in.",The Truman Show
504,1:5:57,1:6:1,3957,All of tin the Truman catalogue. Operators are standing by.,The Truman Show
505,1:6:2,1:6:7,3962,"Christ of, why has Truman never come close to discovering ",The Truman Show
506,1:6:7,1:6:11,3967, The true nature of his world until now?,The Truman Show
507,1:6:11,1:6:15,3971,We accept the reality of the world with which we're presented.,The Truman Show
508,1:6:17,1:6:21,3977,The Hague for Christ of. Hello. The Hague...,The Truman Show
509,1:6:22,1:6:26,3982,"All right, let's go to Hollywood, California.",The Truman Show
510,1:6:26,1:6:32,3986,"You're a liar and a manipulator, and what you've done to Truman is sick.",The Truman Show
511,1:6:32,1:6:38,3992,"Well, we remember this voice, don't we? How could we forget?",The Truman Show
512,1:6:39,1:6:43,3999," Let's go to another call.  No, no. It's fine, Mike.",The Truman Show
513,1:6:43,1:6:48,4003,I love to reminisce with former members of the cast.,The Truman Show
514,1:6:48,1:6:54,4008,"Sylvia, as you announced so melodramatically to the world...",The Truman Show
515,1:6:54,1:6:59,4014,Do you think because you batted your eyes at Truman once. ,The Truman Show
516,1:6:59,1:7:3,4019," Flirted with him, stole a few minutes of air time ",The Truman Show
517,1:7:3,1:7:8,4023," To thrust your politics into the limelight, that you know him?",The Truman Show
518,1:7:8,1:7:13,4028,That you know what's right for him? Are you in a position to judge him?,The Truman Show
519,1:7:13,1:7:18,4033,What right do you have to turn a baby's life into a mockery?,The Truman Show
520,1:7:18,1:7:22,4038,Don't you ever feel guilty.,The Truman Show
521,1:7:22,1:7:27,4042,I have given Truman the chance to lead a normal life.,The Truman Show
522,1:7:28,1:7:32,4048,"The world, the place you live in. ",The Truman Show
523,1:7:32,1:7:37,4052, Is the sick place. Sea haven is the way the world should be.,The Truman Show
524,1:7:37,1:7:43,4057," He's a prisoner, not a performer.  He can leave at any time.",The Truman Show
525,1:7:43,1:7:48,4063,"If his was more than a vague ambition, if he was determined ",The Truman Show
526,1:7:48,1:7:54,4068," To discover the truth, there's no way we could prevent him.",The Truman Show
527,1:7:54,1:7:59,4074,"I think what distresses you, really, caller. ",The Truman Show
528,1:7:59,1:8:5,4079," Is that, ultimately, Truman prefers his cell, as you call it.",The Truman Show
529,1:8:5,1:8:10,4085,That's where you're so wrong. And he'll prove you wrong.,The Truman Show
530,1:8:11,1:8:17,4091,"These heated comments aside, it's been a very positive experience.",The Truman Show
531,1:8:17,1:8:21,4097,For Truman and for the viewers.,The Truman Show
532,1:8:21,1:8:28,4101,Thank you for your time. Now that this crisis is behind us. ,The Truman Show
533,1:8:28,1:8:32,4108, Can we look forward to some exciting new developments?,The Truman Show
534,1:8:32,1:8:38,4112,The big news is: Meryl will leave Truman in an upcoming episode.,The Truman Show
535,1:8:38,1:8:41,4118,A new romantic interest will be introduced.,The Truman Show
536,1:8:42,1:8:46,4122,I'm determined that TVs first onair conception will take place.,The Truman Show
537,1:8:46,1:8:49,4126,Another television milestone.,The Truman Show
538,1:8:50,1:8:56,4130,"It has been a singular honor and a pleasure. Christ of, thank you.",The Truman Show
539,1:10:14,1:10:16,4214,"Hey, Simeon.",The Truman Show
540,1:10:20,1:10:25,4220, Is he looking at us?  You think he knows?,The Truman Show
541,1:10:26,1:10:29,4226, Hello...  Better call Christ of.,The Truman Show
542,1:10:29,1:10:32,4229,"Come in, Major Burbank.",The Truman Show
543,1:10:48,1:10:52,4248,He's back to his old self.,The Truman Show
544,1:10:59,1:11:3,4259,"That's an unusual cat, my man.",The Truman Show
545,1:11:6,1:11:11,4266,I hereby proclaim this planet...,The Truman Show
546,1:11:14,1:11:18,4274,...Trumania of the Burbank galaxy.,The Truman Show
547,1:11:19,1:11:23,4279, Is he gonna go?  Hallway camera ready.,The Truman Show
548,1:11:24,1:11:29,4284," That one's for free.  Stand by, all house cameras.",The Truman Show
549,1:11:30,1:11:34,4290, Good morning.  Good morning.,The Truman Show
550,1:11:34,1:11:39,4294, In case I don't see you... ...good afternoon and good night.,The Truman Show
551,1:11:41,1:11:46,4301,"Good afternoon, good night...",The Truman Show
552,1:11:46,1:11:53,4306," Morning, Truman. Hows it going?  I'll check. Vital signs are good.",The Truman Show
553,1:11:55,1:11:57,4315,"Hey, Pluto!",The Truman Show
554,1:11:58,1:12:1,4318, Good morning!  Look who's here.,The Truman Show
555,1:12:1,1:12:6,4321,"Beautiful day, isn't it? We thought about the policy, and we'll take it.",The Truman Show
556,1:12:6,1:12:11,4326,Great! Let's go up to my office and sign the papers.,The Truman Show
557,1:12:11,1:12:15,4331, Next week would be better.  I knew it. See you guys.,The Truman Show
558,1:12:16,1:12:19,4336, See you next week.  Looking forward to it!,The Truman Show
559,1:12:20,1:12:24,4340,This isn't about insurance. This is about the great variable.,The Truman Show
560,1:12:24,1:12:30,4344,"When will death occur? Could be a week, a month, a year...",The Truman Show
561,1:12:30,1:12:33,4350,Could be today.,The Truman Show
562,1:12:33,1:12:39,4353,"Innocent sunbather, stabbed by the tip of a runaway beach umbrella.",The Truman Show
563,1:12:39,1:12:42,4359,No way to guard against that.,The Truman Show
564,1:12:44,1:12:47,4364," Excuse me.  Truman, this is Vivian.",The Truman Show
565,1:12:48,1:12:51,4368,The two of you are going to be neighbors.,The Truman Show
566,1:12:54,1:13:0,4374,I guess what I'm saying is that life is... fragile.,The Truman Show
567,1:13:1,1:13:5,4381," Vivian, your office.  Sorry.",The Truman Show
568,1:13:5,1:13:9,4385,I'm sorry... You do?,The Truman Show
569,1:13:9,1:13:13,4389,"Oh, great. Let me take your information.",The Truman Show
570,1:13:29,1:13:32,4409,"Ready, two. Go to two.",The Truman Show
571,1:13:35,1:13:40,4415,Back to medium... and wide.,The Truman Show
572,1:13:48,1:13:53,4428,I was just trying to train the kid to... never mind.,The Truman Show
573,1:13:56,1:14:1,4436, What's he doing in the basement?  He moved in there when Meryl left.,The Truman Show
574,1:14:1,1:14:6,4441,Why wasn't I told? Unpredictable behavior has to be reported.,The Truman Show
575,1:14:6,1:14:11,4446, He's just sleeping. I thought...  This is the best shot we've got?,The Truman Show
576,1:14:11,1:14:15,4451, What's on the clockcam?  Obstruction.,The Truman Show
577,1:14:16,1:14:20,4456, What happened?  He was tidying up his garbage.,The Truman Show
578,1:14:20,1:14:25,4460,"I was gonna call you, but he gave up and fell asleep.",The Truman Show
579,1:14:25,1:14:30,4465, I want to check the setups... ...for the insurance convention.,The Truman Show
580,1:14:30,1:14:32,4470,Nice move.,The Truman Show
581,1:14:40,1:14:43,4480,There you go.,The Truman Show
582,1:14:52,1:14:57,4492,Isolate the audio. Give me a closeup on his torso.,The Truman Show
583,1:15:0,1:15:3,4500,Still breathing.,The Truman Show
584,1:15:4,1:15:9,4504,Where's Chloe? Call him. Tell him it's a wrong number.,The Truman Show
585,1:15:12,1:15:17,4512, What took you so long?  I had to wait for it.,The Truman Show
586,1:15:17,1:15:23,4517, They were busy. What's going on?  I don't know.,The Truman Show
587,1:15:23,1:15:28,4523, He did nothing but stand around.  Shut up and watch.,The Truman Show
588,1:15:28,1:15:32,4528,Then we went to night vision. He's asleep.,The Truman Show
589,1:15:34,1:15:39,4534,There! Stop it. Zoom in under the chair.,The Truman Show
590,1:15:42,1:15:48,4542, Enhance it.  Is it...? My God...,The Truman Show
591,1:15:48,1:15:55,4548, He didn't go up the stairs.  Get Marlon over there!,The Truman Show
592,1:16:11,1:16:15,4571,Truman... Surprise party!,The Truman Show
593,1:16:16,1:16:21,4576,I got a sixpack of cold brew skies with our name on them.,The Truman Show
594,1:16:21,1:16:25,4581,"Come on, pal. Come on, buddy.",The Truman Show
595,1:16:27,1:16:28,4587,Shit!,The Truman Show
596,1:16:31,1:16:35,4591,"Marlon, find him. He's still in the room.",The Truman Show
597,1:16:38,1:16:42,4598," Come out, wherever you are.  Good. Keep it light.",The Truman Show
598,1:16:42,1:16:45,4602,I know you're in here.,The Truman Show
599,1:16:49,1:16:55,4609,"Check under the table. The closet, behind you.",The Truman Show
600,1:17:0,1:17:5,4620,"Gee, I wonder where he could possibly be.",The Truman Show
601,1:17:13,1:17:14,4633,Lawncam!,The Truman Show
602,1:17:22,1:17:26,4642, Say something. Keep it going.  He's gone.,The Truman Show
603,1:17:26,1:17:29,4646, Cut transmission!  Cut transmission?,The Truman Show
604,1:17:33,1:17:38,4653, God in heaven!  Give me the phone!,The Truman Show
605,1:17:45,1:17:48,4665,TECHNICAL FAULT PLEASE STAND BY,The Truman Show
606,1:18:0,1:18:6,4680,"We've got every available extra looking for him. The crew, too.",The Truman Show
607,1:18:7,1:18:10,4687, What about prop cars?  Accounted for.,The Truman Show
608,1:18:11,1:18:15,4691,"He has the world's most recognizable face, he can't disappear.",The Truman Show
609,1:18:54,1:18:58,4734,"Go find him, Pluto. Good dog.",The Truman Show
610,1:18:58,1:19:3,4738,All this fuss! If he could just hear my voice.,The Truman Show
611,1:19:3,1:19:6,4743,Truman! Truman!,The Truman Show
612,1:19:7,1:19:11,4747,Let me try. Truman!,The Truman Show
613,1:19:11,1:19:16,4751,"It's me, Dad! Let's talk!",The Truman Show
614,1:19:19,1:19:23,4759,"Yeah, I know. We're just about done with the square.",The Truman Show
615,1:19:23,1:19:27,4763,"We've got to go back to Barrymore, check the interiors.",The Truman Show
616,1:19:28,1:19:34,4768,Who's watching the college? Send someone over there.,The Truman Show
617,1:19:39,1:19:43,4779," Take another man, get down there.  Find the son of a bitch!",The Truman Show
618,1:19:43,1:19:47,4783,Get some batteries. He's not gonna glow in the dark.,The Truman Show
619,1:19:50,1:19:54,4790,We need more light. We'll never find him this way.,The Truman Show
620,1:19:59,1:20:3,4799, What time is it?  It's way too early for that.,The Truman Show
621,1:20:9,1:20:12,4809,Cue the sun.,The Truman Show
622,1:20:17,1:20:20,4817,What time is it?,The Truman Show
623,1:20:20,1:20:25,4820,"Christ of, what's going on? There's rumors that he's dead.",The Truman Show
624,1:20:26,1:20:28,4826,The media's having a feeding frenzy.,The Truman Show
625,1:20:28,1:20:34,4828,Every network has a pirated shot of Marlon making an ass of himself.,The Truman Show
626,1:20:34,1:20:40,4834, The sponsors are threatening us.  We're getting our highest ratings.,The Truman Show
627,1:20:44,1:20:48,4844," No sign of him.  Go back to town, join the others.",The Truman Show
628,1:20:48,1:20:55,4848,Everyone else at first positions. Everyone is at first positions?,The Truman Show
629,1:21:12,1:21:15,4872,He's got to be there somewhere.,The Truman Show
630,1:21:17,1:21:22,4877, We're not watching the sea.  Why would we watch the sea?,The Truman Show
631,1:21:22,1:21:27,4882, Sweep the harbour.  Bring up the harbour cameras.,The Truman Show
632,1:21:27,1:21:32,4887," Aren't some of those out?  Yeah, but we have the lighthouse.",The Truman Show
633,1:21:32,1:21:36,4892,"All buoycams, please.",The Truman Show
634,1:21:36,1:21:40,4896," Long lens, shortbase cameras.  Why are we looking at the water?",The Truman Show
635,1:21:45,1:21:50,4905,"Truman, where are you going?",The Truman Show
636,1:21:52,1:21:58,4912, Sailing? He's afraid of the water.  Resume transmission.,The Truman Show
637,1:22:3,1:22:7,4923,I got 21 he doesn't make it.,The Truman Show
638,1:22:11,1:22:14,4931,Just leave them in the car.,The Truman Show
639,1:22:25,1:22:30,4945,Get off this mastcam. You can't see his face. Go to the cabincam.,The Truman Show
640,1:22:33,1:22:36,4953,Perfect. That's our hero shot.,The Truman Show
641,1:23:2,1:23:7,4982, Let's get another boat out there.  I need to talk to the ferry guys.,The Truman Show
642,1:23:8,1:23:11,4988,"Come on, get it moving!",The Truman Show
643,1:23:14,1:23:19,4994, I'm just the bus driver.  They can't sail. They're actors!,The Truman Show
644,1:23:23,1:23:26,5003,How do we stop him?,The Truman Show
645,1:23:36,1:23:43,5016,Okay... We're going to access the weather programme' now.,The Truman Show
646,1:23:43,1:23:47,5023,So hold on to your hats. You got that?,The Truman Show
647,1:23:48,1:23:52,5028,"No, I think we'll want to localize the storm over the boat.",The Truman Show
648,1:23:55,1:23:57,5035,Get the coordinates.,The Truman Show
649,1:23:57,1:24:3,5037, There's no rescue boat.  He'll turn back. He'll be afraid.,The Truman Show
650,1:24:5,1:24:7,5045,There she blows.,The Truman Show
651,1:24:19,1:24:20,5059,Come on.,The Truman Show
652,1:24:44,1:24:46,5084,Give me some lightning.,The Truman Show
653,1:24:46,1:24:49,5086,Hit him again!,The Truman Show
654,1:25:1,1:25:8,5101, He can't die on television!  He was born on television.,The Truman Show
655,1:25:42,1:25:43,5142,Hold on!,The Truman Show
656,1:26:9,1:26:12,5169,Is that the best you can do?,The Truman Show
657,1:26:13,1:26:16,5173,You're gonna have to kill me!,The Truman Show
658,1:26:17,1:26:20,5177,What should we do with a drunken sailor...,The Truman Show
659,1:26:20,1:26:26,5180, I demand you cease transmission.  Keep running.,The Truman Show
660,1:26:26,1:26:29,5186,Increase the wind!,The Truman Show
661,1:26:32,1:26:36,5192," For the last time...  Capsize him, tip him over.",The Truman Show
662,1:26:37,1:26:41,5197," He's tied himself to the boat!  He'll drown, and he doesn't care.",The Truman Show
663,1:26:41,1:26:44,5201,Do it... Do it!,The Truman Show
664,1:27:38,1:27:40,5258,That's enough.,The Truman Show
665,1:31:51,1:31:52,5511,I want to talk to him.,The Truman Show
666,1:31:57,1:31:58,5517,EXIT,The Truman Show
667,1:32:11,1:32:15,5531,Truman... You can speak.,The Truman Show
668,1:32:17,1:32:20,5537,I can hear you.,The Truman Show
669,1:32:23,1:32:27,5543, Who are you?  I'm the creator of a TV show.,The Truman Show
670,1:32:27,1:32:31,5547,It gives hope and inspiration to millions.,The Truman Show
671,1:32:35,1:32:39,5555, Then who am I?  You're the star.,The Truman Show
672,1:32:44,1:32:49,5564, Was nothing real?  You were real.,The Truman Show
673,1:32:49,1:32:53,5569,"That's what made you so good to watch. Listen, Truman.",The Truman Show
674,1:32:54,1:33:0,5574,There's no more truth out there than in the world I created for you.,The Truman Show
675,1:33:1,1:33:6,5581,"The same lies, the same deceit.",The Truman Show
676,1:33:7,1:33:13,5587,"But in my world, you have nothing to fear.",The Truman Show
677,1:33:16,1:33:21,5596, I know you better than you do.  You never had a camera in my head.,The Truman Show
678,1:33:22,1:33:27,5602,You're afraid. That's why you can't leave.,The Truman Show
679,1:33:31,1:33:35,5611,"It's okay, Truman. I understand.",The Truman Show
680,1:33:37,1:33:42,5617,I have been watching you your whole life.,The Truman Show
681,1:33:42,1:33:46,5622,I was watching when you were born.,The Truman Show
682,1:33:46,1:33:50,5626,I was watching when you took your first step.,The Truman Show
683,1:33:53,1:33:58,5633,I watched you on your first day of school.,The Truman Show
684,1:33:59,1:34:3,5639,The episode when you lost your first tooth.,The Truman Show
685,1:34:6,1:34:8,5646,"You can't leave, Truman.",The Truman Show
686,1:34:9,1:34:12,5649," Please, God.  You belong here.",The Truman Show
687,1:34:12,1:34:14,5652,You can do it.,The Truman Show
688,1:34:15,1:34:17,5655,With me.,The Truman Show
689,1:34:19,1:34:23,5659,Talk to me. Say something.,The Truman Show
690,1:34:27,1:34:34,5667,"Say something, damn it! You're on TV. You're live to the world!",The Truman Show
691,1:34:51,1:34:56,5691,"In case I don't see you, good afternoon and good night.",The Truman Show
692,1:35:34,1:35:38,5734,"He made it! All right, Truman!",The Truman Show
693,1:35:48,1:35:50,5748,Cease transmission.,The Truman Show
694,1:35:55,1:36:0,5755, You want another slice?  No. Let's see what else is on.,The Truman Show
